Movie Name,Genres,Time,Rating,Top Cast,Music,War,Horror,TV Movie,Romance,Drama,History,Mystery,Fantasy,Crime,Comedy,Family,Animation,Thriller,Adventure,Science Fiction,Action
Venom: The Last Dance (2024),"Action, Science Fiction, Adventure, Thriller",109,68,टॉम हार्डीEddie Brock / Venom      Chiwetel EjioforGeneral Rex Strickland      Juno TempleDr. Teddy Paine      Clark BackoSadie Christmas      Rhys IfansMartin Moon      Stephen GrahamDetective Mulligan      Peggy LuMrs. Chen      Alanna UbachNova Moon      Hala FinleyEcho Moon      Dash McCloudLeaf Moon      Cristo FernándezBartender      Andy SerkisKnull (voice)      Jared AbrahamsonCaptain Forrest      Ivo NandiJavier      Jack BradyJim - Security      Brooke CarterYoung Teddy Paine      Fflyn EdwardsThaddeus Paine      Reid ScottDr. Dan Lewis      Jake AllynLas Vegas Security Guard      Otis WinstonDonald the Security Guard      Jacob TomuriTuxedo Guy      Elijah Isaiah CookArea 51 Soldier      Norma ButikoferWoman on Plane      Elizabeth CookKeli Reule      Annie HsuArmy Medic      Angie HsuArmy Medic      Martin McDougallThe General      Narendra KhandwePerson In Plane      ,0,0,0,0,0,0,0,0,0,0,0,0,0,1,1,1,1
Moana 2 (2024),"Animation, Adventure, Family, Comedy",100,69,Auliʻi CravalhoMoana (voice)      ड्वेन जॉनसनMaui (voice)      Hualālai ChungMoni (voice)      Rose MatafeoLoto (voice)      David FaneKele (voice)      Awhimai FraserMatangi (voice)      Khaleesi Lambert-TsudaSimea (voice)      Temuera MorrisonChief Tui (voice)      Nicole ScherzingerSina (voice)      Rachel HouseGramma Tala (voice)      Gerald RamseyTautai Vasa (voice)      Alan TudykHei Hei (voice)      Jemaine ClementTamatoa (voice)      Tofiga Fepulea'iNalo (voice)      Tiana JohnsonMoanabe (voice)      Jasmine JohnsonMoanabe (voice)      Ata Maivia JohnsonVillager (voice)      Bryson ChunAdditional Voices (voice)      Noemi Josefina FloresAdditional Voices (voice)      Setarosa Tuitasi-LedouxAdditional Voices (voice)      Bentley Pupuhi-FernandezAdditional Voices (voice)      ,0,0,0,0,0,0,0,0,0,0,1,1,1,0,1,0,0
Elevation (2024),"Action, Science Fiction, Thriller",91,65,एंथनी मैकीWill      Morena BaccarinNina      Maddie HassonKatie      Danny Boyd Jr.Hunter      Rachel NicksTara      Shauna EarpHannah      Tyler GreyTim      Drexel MalkoffNina’s Son (uncredited)      David MalkoffNina’s Husband (uncredited)      Mike HickmanRefugee (uncredited)      Ian HummelRefugee (uncredited)      Dalila OrozcoRefugee (uncredited)      James Anthony PerezRefugee (uncredited)      Gregg S. PerryRefugee (uncredited)      ,0,0,0,0,0,0,0,0,0,0,0,0,0,1,0,1,1
Absolution (2024),"Action, Crime, Thriller",112,61,लियाम नीसनThug      Ron PerlmanCharlie Conner      Yolonda RossWoman      Frankie ShawDaisy      Daniel DiemerKyle Conner      Javier MolinaGamberro      Jimmy GonzalesDiego Machado      Josh DrennenThug's Dad      Deanna TarrazaAraceli      Terrence PulliamDre      Omar Moustafa GhonimArmando      Tom KempBurt      Ryan HomchickDr. Gruber      William XifarasKiko      Kris EiversPriest      Ryan CarawayGeorge      Ghia TruesdaleCharlie's Wife      Kayla KohlaBrothel Girl      Levon PanekHuge Dude      Matthew DelamaterJack      Jermaine BrownGuardian      Nicholas DelanyWaiter      Ilya TsymbalSlick Dude      Brian A. WhiteBobby      Bryan CarawayGeorge      Hans Petter MolandLarry the Drunk      John DuddyBoxer      Bruce SosciaTommy      Kate AvalloneNeurologist      Rose MallickDaughter in Car      Rosario VillamanAbuela      Michael GiannoneGangbanger Soldier      Elijah AkindolieGangbanger (uncredited)      Chanel Rose ConnorLady of the Night (uncredited)      Eve CostarelliFancy Restaurant Diner (uncredited)      Emelia Camille HarewoodChild (uncredited)      Ian Dylan HuntFancy Restaurant Diner      Robert LoftusDown & Out Junkie (uncredited)      Casey McNealCity Bystander (uncredited)      Wes MeserveDinner Guest (uncredited)      Kellen RaffaeloKid on SIdewalk (uncredited)      Tyler M. RaineySon in Mattress Store (uncredited)      Brian SavageDock Worker (uncredited)      Marilyn SwickDinner Guest (uncredited)      ,0,0,0,0,0,0,0,0,0,1,0,0,0,1,0,0,1
Red One (2024),"Action, Comedy, Fantasy",124,70,ड्वेन जॉनसनCallum Drift      Chris EvansJack O'Malley      J.K. SimmonsNick      Lucy LiuZoe      Kiernan ShipkaGryla      Bonnie HuntMrs. Claus      Kristofer HivjuKrampus      निक क्रॉलTed      Wesley KimmelDylan      Mary Elizabeth EllisOlivia      Wyatt HuntYoung Jack O'Malley      Lanz DuffyGene      Marc Evan JacksonUncle Rick      Ashleigh DomangueJamie Hummiston      Cody EasterbrookHIT Instructor      Jon RudnitskyBeef Stew      Morla GorrondonaOgre Gryla (voice)      Jenna KanellKrampus Guest      Rod MaxwellKrampus Guest      Fedor SteerKrampus Guest      Octavia GraceKrampus Guest      Matthew ZukKrampus Guest      Cora KassKrampus Guest      Ahmad GhafouriStage Manager      Jeff ChaseCyclops      Gary PeeblesGuard      Matthew CornwellAaron Able / Troll      Amber AbaraBeach Woman      Alessandro FolchittoDeath Merc      Cynthia BarrettMORA Surveillance Technician      J.R. AdduciMORA Agent      Brandon M. ShawMORA Agent      Gabriel 'G-Rod' RodriguezMrs. Claus Yule Lad      Kia ShineYule Lad      Adam BoyerYule Lad      Michael TourekYule Lad      Derek RussoYule Lad      James CheekELF Welcoming Agent      Regina Ting ChenELF Agent Ginerva      Reinaldo FaberlleELF Agent Garcia      Philip FornahELF Agent Fred      Kenny Waymack Jr.ELF Agent Kenny      Gissette E. ValentinELF Agent Barskova      CJ PaderaMonitor ELF Agent      Darryl W. HandyAir Force General      MartinezAir Traffic Controller      Drew AterF22 Raptor Pilot      Pilot BunchCandy Cane Thief      Makana DavidBarista      Shane CostaChurro Vendor      Greg ClarksonHot Dog Vendor      ,0,0,0,0,0,0,0,0,1,0,1,0,0,0,0,0,1
Armor (2024),"Action, Crime, Thriller",89,55,सिलवेस्टर स्टैलोनRook      Jason PatricJames Brody      Josh WigginsCasey Brody      Dash MihokSmoke      Erin OwnbeyTrisha Brody      Laney StiebingSara Brody      Jeff ChaseViper      Josh WhitesEcho      Joel CohenBank Manager      Beau BommaritoSpeeding Driver      Justin William DavisAlcoholic #1      David PerksFireman (voice)      ,0,0,0,0,0,0,0,0,0,1,0,0,0,1,0,0,1
"Miraculous World, London: At the Edge of Time (2024)","Animation, Adventure, Action, Fantasy",50,85,Annouck HautboisMarinette / Ladybug / Bug Noire / Chronobug (voice)      Benjamin BollenAdrien Agreste / Cat Noir / Félix Graham (voice)      Marie NonnenmacherTikki (voice)      Thierry KazazianPlagg (voice)      Adeline ChetailAlix Kubdel / Bunnyx (voice)      Clara SoaresLila Rossi / Cerise Bianca / Chrysalis (voice)      Martial Le MinouxNooroo (voice)      Antoine ToméGabriel Agreste / Monarch (voice)      Marie ChevalotChloé Bourgeois / Nathalie Sancoeur (voice)      Clara SoaresKagami Tsurugi (voice)      Gilbert LevyPlacide I.T. (voice)      ,0,0,0,0,0,0,0,0,1,0,0,0,1,0,1,0,1
Watchmen: Chapter II (2024),"Animation, Mystery, Science Fiction, Action",89,76,Troy BakerAdrian Veidt / Ozymandias / Derf / Laurence Schexnayder / Gerald Grice / News Announcer (voice)      Adrienne BarbeauSally Jupiter / Police Dispatcher (voice)      Michael CerverisDr. Manhattan / Prison Guard #2 (voice)      Zehra FazalHira Manish / Newscaster (voice)      Phil FondacaroTom Ryan / Big Figure (voice)      Grey DeLisleFemale Citizen #1 / Advisor #1 (voice)      John Marshall JonesOtis / Malcolm Long / General #1 (voice)      Max KochBernard / President Nixon / Lawrence Andrews (voice)      Phil LaMarrComic Book Narrator / Bernie / Male Citizen #1 (voice)      Yuri LowenthalSeymour / Knot Top #2 / Bully #1 (voice)      Long NguyenAttendant #1 (voice)      Geoff PiersonHollis Mason / Prison Guard #1 (voice)      Matthew RhysDan Dreiberg / Nite Owl / Sam Hollis / Max Shea / Michael Stephens / Prisoner #1 (voice)      Katee SackhoffLaurie Juspeczyk / Silk Spectre / Sandra Hollis (voice)      Jason SpisakDoug Roth / Bully #2 / Hector Godfrey (voice)      Kari WahlgrenSylvia Kovacs / Female Knot Top (voice)      Rick D. WassermanEdward Blake / Comedian (voice)      Titus WelliverRorschach / Walter Kovacs (voice)      ,0,0,0,0,0,0,0,1,0,0,0,0,1,0,0,1,1
The Wild Robot (2024),"Animation, Action, Science Fiction, Family",102,84,"Lupita Nyong'oRoz / Rummage (voice)      पेद्रो पास्कलFink (voice)      किट कॉनरBrightbill (voice)      बिल नायLongneck (voice)      Stephanie HsuVontra (voice)      Matt BerryPaddler (voice)      Ving RhamesThunderbolt (voice)      मार्क हमिलThorn (voice)      Catherine O'HaraPinktail (voice)      Boone StormBaby Brightbill (voice)      Alexandra NovelleSnowdown (voice)      Raphael AlejandroPeck (voice)      Paul-Mikél WilliamsFeather (voice)      Eddie ParkHonkington (voice)      Dee Bradley BakerRaccoons / Squirrels / Badgers (voice)      Randy ThomRECOs (voice)      Avrielle CortiAutomated Alarms (voice)      Keston JohnWeasel 1 (voice)      Max MittelmanWeasel 2 (voice)      Piotr MichaelBroadfoot / Weasel 3 (voice)      Alessandro BeghiBaby Opossum 1 (voice)      Tiago MartinezBaby Opossum 2 (voice)      Becca LastBaby Opossum 3 (voice)      Madelyn TurpinBaby Opossum 3, 4, 5, 6 (voice)      Kayleigh RayneBaby Opossum 4, 7 / Baby Bunny 2 / Baby Skunk (voice)      Isabelle TupinBaby Opossum 8, 9 / Baby Bunny 1 (voice)      Beckett BlombergBaby Opossum 10 / Chipmunk / Baby Lynx (voice)      Damon FungBaby Opossum 11 / Baby Otter (voice)      King MooreBaby Opossum 12 (voice)      Collin ErkerSkunk (voice)      ",0,0,0,0,0,0,0,0,0,0,0,1,1,0,0,1,1
Gladiator II (2024),"Action, Adventure, History",148,67,Paul MescalLucius Verus / Hanno      Denzel WashingtonMacrinus      पेद्रो पास्कलGeneral Acacius      Connie NielsenLucilla      Joseph QuinnEmperor Geta      Fred HechingerEmperor Caracalla      Lior RazViggo      Derek JacobiGracchus      Peter MensahJugurtha      Matt LucasMaster of Ceremonies      Alexander KarimRavi      Yuval GonenArishat      Richard McCabeQuaestor      Tim McInnernyThraex      Alec UtgoffDarius      Rory McCannTegula      Yann GaelBostar      Riana DuceHyacinthia      Alfie TempestYoung Lucius      Amira GhazallaLucilla's Servant      Alexander SimkinCenturion      David GanlyMaster of Ceremonies (Baboon Arena)      Richard KatzGovernor (Baboon Arena)      Amal AyouchNoble Bedouin Woman      Hadrian HowardAgedilios      Chidi AjufoGladiator      Lee CharlesSlovak      Christopher Edward HallawaysGlyceo      Chi Lewis-ParryPhoebus      Ángel Gómez De La TorreGnaeus      Brahim Ait Ben AzzouzCenturion (Lucius' Arrest)      Maxime Rauf RuijselaarCenturion (Ostia)      Dean FaganDorso      Tom MoutchiBrennos      May CalamawyMacrinus' Companion (uncredited)      ,0,0,0,0,0,0,1,0,0,0,0,0,0,0,1,0,1
Kraven the Hunter (2024),"Action, Adventure, Thriller",127,56,Aaron Taylor-JohnsonSergei Kravinoff / Kraven      Ariana DeBoseCalypso Ezili / Calypso      Fred HechingerDimitri Smerdyakov / The Chameleon      रसल क्रोNikolai Kravinoff      Alessandro NivolaAleksei Sytsevich / The Rhino      Christopher AbbottThe Foreigner      Levi MillerYoung Sergei Kravinoff      Billy BarrattYoung Dmitri      Diaana BabnicovaYoung Calypso      Dritan KastratiOleksander      ,0,0,0,0,0,0,0,0,0,0,0,0,0,1,1,0,1
GTMAX (2024),"Action, Crime, Drama",100,61,Ava BayaSoélie      Jalil LespertElyas      Jérémie LaheurteTheo      Thibaut ÉvrardLucas      Riadh BelaïcheMichael      Gérard LanvinDaniel      Samir DecazzaYacine      Clémentine CélariéHélène      Mohamed MakhtoumiCoéquipier filature 1      Céline JorrionLa Commissaire      Rayan BouazzaVinz      Estelle DarnaultElsa      ,0,0,0,0,0,1,0,0,0,1,0,0,0,0,0,0,1
Deadpool & Wolverine (2024),"Action, Comedy, Science Fiction",128,77,रयान रेनॉल्ड्सWade Wilson / Deadpool / Nicepool      ह्यू जैकमैनLogan / Wolverine      एम्मा कोरिनCassandra Nova      Matthew MacfadyenMr. Paradox      Dafne KeenLaura / X-23      जॉन फेवरोऊHappy Hogan      Morena BaccarinVanessa      Rob DelaneyPeter      Leslie UggamsBlind Al      Jennifer GarnerElektra      Wesley SnipesBlade      चेनिंग टैटमGambit      Chris EvansJohnny Storm      हेनरी केविलThe Cavillrine      Wunmi MosakuB-15      Aaron StanfordPyro      Tyler ManeSabretooth      करण सोनीDopinder      Brianna HildebrandNegasonic Teenage Warhead      Shioli KutsunaYukio      Stefan KapičićColossus (voice)      Randal ReederBuck      Lewis TanShatterstar      Nick PauleyDancepool      Sonita HenryMrs. Chipman      Ryan McKenMr. Chipman      Nanak PhloraElliot Chipman      Aydin AhmedKevin Chipman      Leemore Marrett Jr.Minuteman Leader      James DrydenTVA Tech      Ollie PalmerBar Patron      Greg HemphillSeedy Bartender      Aaron W ReedJuggernaut      Mike WatersBlob      Rob McElhenneyTVA Soldier      James ReynoldsScreaming Mutant (voice)      Ed KearOutpost Tech      Paul G. RaymondTVA Office Agent      ब्लैक लिवलीLadypool (voice)      Inez ReynoldsKidpool (voice)      Nathan FillionHeadpool (voice)      मॅथ्यू मॅक्कोनौघेCowboypool (voice)      OIin ReynoldsBabypool (voice)      Paul MullinWelshpool      Alex KyshkovychCanadapool      क्रिस हैमस्वर्थThor Odinson (archive footage) (uncredited)      Billy ClementsRussian (uncredited)      Daniel Medina RamosToad (uncredited)      Jade LyeLady Deathstrike (uncredited)      Nilly CetinQuill (uncredited)      Eduardo Gago MuñozAzazel (uncredited)      Chloe KibbleCallisto (uncredited)      Curtis Rowland SmallBullseye (uncredited)      Ayesha HussainPsylocke (uncredited)      Jessica WalkerArclight (uncredited)      Harry HollandHaroldpool (uncredited)      Kevin FortinZenpool (uncredited)      ,0,0,0,0,0,0,0,0,0,0,1,0,0,0,0,1,1
Sidelined: The QB and Me (2024),"Comedy, Romance, TV Movie",99,64,Noah BeckDrayton Lahey      Siena AgudongDallas Bryan      Drew Ray TannerNathan Bryan      James Van Der BeekLeroy Lahey      Deborah CoxMiss Alicia      Asia LizardoGabby      Jake FoyMr. Justin Douglas      Jason FernandesJosh Lahey      Kendall CrossEllie Lahey      Josh ZahariaChase      Mia ShanksEmily      Samantha Montgomery-SwanMadison      Chris WoodBouncer      Peter KelamisPrincipal Cantor      Leanne AllenTenured Professor      Jia CurtisCheerleader #1      Austyn LamontTeen Dancer #1      Lola ClareTeen Dancer #2      Kaleah CrumpTeen Dancer #3      Valin ShinyeiTeen Dancer #4      Tessa TamuraDallas Dance Double      Chase NicholsonDrayton Stunt Double      Becky FergusonDallas Stunt Double      Ethan PickardFootball Player #1      Brayden LookFootball Player #2      Bronson PheifferFootball Player #3      Kayla BlanchardCheerleader #2      Gabby AmelioCheerleader #3      Yenay VerdunCheerleader #4      Shayla HardyHot Teacher      ,0,0,0,1,1,0,0,0,0,0,1,0,0,0,0,0,0
Wicked (2024),"Drama, Romance, Fantasy",160,76,सिंथिया एरिवोElphaba      एरियाना ग्रांडेGalinda      Jeff GoldblumThe Wonderful Wizard of Oz      मिशेल योहMadame Morrible      जोनाथन बेलीFiyero      Ethan SlaterBoq      Marissa BodeNessarose      पीटर डिंक्लेजDr. Dillamond (voice)      Andy NymanGovernor Thropp      Courtney-Mae BriggsMrs. Thropp      Bowen YangPfannee      Bronwyn JamesShenshen      Aaron TeohTi Avaric      Shaun PrendergastShiz President      Keala SettleMiss Coddle      Sharon D. ClarkeDulcibear (voice)      Jenna BoydWolf Doctor (voice)      Colin Michael CarmichaelProfessor Nikidik      Adam JamesGlinda's Father      Alice FearnGlinda's Mother      Karis MusongoleYoung Elphaba Thropp      Poppy Townsend WhiteGirls Brigade      Winnie HolzmanWiz-O-Mania Actor      Idina MenzelWiz-O-Mania Super Star #1      David MorseWiz-O-Mania Super Star #2      Matthew KoonDancer      Misa KoideDancer      Hannah VeerapenDancer      Lukus AlexanderDancer      Alfredo TavaresTeacher      Jason LinesTeacher      Stephen SchwartzEmerald City Guard      Elijah ChatwellMunchkin      Ricardo Ludgero SouzaMunchkin      Jonathan SparrowMunchkin      Kristy Ann ShawSkeptical Munchkin      Terence HughesMunchkin Dignitary      Isaac BishopMean Kid      Aisha JawandoGreen Army Chorus      Marvin MontouteMunchkin (uncredited)      Dianne PilkingtonGeorgina OnuorahLuke BayerKerry EllisJames DrydenSkylar Blu CopelandKristin ChenowethWiz-O-Mania Super Star      Idina MenzelWiz-O-Mania Super Star      ,0,0,0,0,1,1,0,0,1,0,0,0,0,0,0,0,0
The Substance (2024),"Horror, Science Fiction",141,72,Demi MooreElisabeth      Margaret QualleySue      Dennis QuaidHarvey      Edward Hamilton-ClarkFred      Gore AbramsOliver      Oscar LesageTroy      Christian EricksonMan at Diner      Robin GreerMale Nurse      Tom MortonDoctor      Hugo Diego GarciaDiego - Boyfriend      Daniel KnightCasting Director      Jonathon CarleyAssistant Casting Director      Jiselle HenderkottGirl Auditioning / New Year's Eve Show Dancer      Akil WingateTV Host      Vincent ColombeMan in Suit #1 - Harvey's Office      Billy BentleyMan in Suit #2      Lennard RidsdaleMan in Suit #3      Jordan Ford SilverAssistant Director - Pump It Up Show      Oscar Salem2nd Assistant Director - Pump It Up Show      Viviane BossinaSue's Assistant      Matthew LuretFloor Runner      Jana BittnerováMaria      Olivier RaynalAlan - 2nd Agent      Tiffany HofstetterStylist      Nicolas RoyerGuy in the Elevator      Nathan RippyAssistant Director - New Year's Eve Show      Manon ArizmendiLittle Girl - New Year's Eve Show      Virginie KotlinskiMother - New Year's Eve Show      Brett GillenDirector of Photography - New Year's Eve Show      Charlotte MarquardtScreaming Woman      Léa HenglScreaming Woman      Gaëlle RaymondScreaming Woman      Claire LemaireScreaming Woman      Lila BoughoufalaScreaming Woman      Aurélien LorgnierScreaming Man      Ivan SellierScreaming Man      Philip SchurerScreaming Man      Christian BourmierShareholder      Martin GrahamShareholder      Christian BordeleauShareholder      Patrick HamelShareholder      Didier DhondtShareholder      Jacques-Yves DorgesShareholder      Jean-Claude MattheyShareholder      Olivier JarcinShareholder      Jean-Luc MagneronShareholder      Charlotte MurrayAllison - Diner Waitress      Aaron KahnGreeting Person      Gabriela ArnonGreeting Person      Nancy Josephson LahoussineGreeting Person      Andrew EldridgeGreeting Person      Denise PowersGreeting Person      Bryan JonesGreeting Person      Adam CarageHappy Birthday Person      Maria McClurgHappy Birthday Person      Andrew DesmondHappy Birthday Person      Rebecca LafontHappy Birthday Person      Laura PuechIsabella      Ryan ChidesterStagehand      Céline VogtElisabeth (Young) - Walk of Fame      Yannick GuérinClumsy Burger Guy - Walk of Fame      Jean MielWorker Walk of Fame      Paul DescoingsWorker Walk of Fame      Benoit LévêqueWorker Walk of Fame      Arthur MolinetCocktail Bartender      Manon SachotCocktail Lounge Couple      Bastien JorelleCocktail Lounge Couple      Kelly HoarauFemale Assistant - Towel      Michel JuskiewiczGeorge - Harvey's Friend      Louise GreggoryRestaurant Waitress      Christophe SartiranoGuy Looking at Sue      Florent TorresGuy Looking at Sue      Romain CaldeiraBillboard Technician      Barthelemy ThomasBillboard Technician      Axel BaillePhotographer      Ashley LambertAdditional Voices (voice)      Ranjani BrowAdditional Voices (voice)      Chase FeinAdditional Voices (voice)      Shane SweetAdditional Voices (voice)      William CalvertAdditional Voices (voice)      Michael CorbettAdditional Voices (voice)      Stephen ApostolinaAdditional Voices (voice)      Yann BeanThe Substance (voice)      Audjyan AlcidePump It Up Show Dancer      Jonathan JenvrinPump It Up Show Dancer      Mimi MauryPump It Up Show Dancer      Amelye SolangePump It Up Show Dancer      Kévin TablePump It Up Show Dancer      Laura BoeraSparkle Your Life Show Dancer      Cissy DucSparkle Your Life Show Dancer      Sophie MercierSparkle Your Life Show Dancer      Marie ValtonSparkle Your Life Show Dancer      Katrina BudzynskiNew Year's Eve Show Dancer      Alicia MauryNew Year's Eve Show Dancer      Megane AdamikNew Year's Eve Show Dancer      Annalisa PagnottaNew Year's Eve Show Dancer      Maelle DantignyNew Year's Eve Show Dancer      Aleksandra Fontaine KedzierskaNew Year's Eve Show Dancer      Pauline SagetatNew Year's Eve Show Dancer      Agustina FitzsimonsNew Year's Eve Show Dancer      Elena ShcheglovaNew Year's Eve Show Dancer      Eve MarchantNew Year's Eve Show Dancer      Lola DonatiNew Year's Eve Show Dancer      Kate MatthewsNew Year's Eve Show Dancer      Ophélie JonardNew Year's Eve Show Dancer      Pauline RichardNew Year's Eve Show Dancer      Laureen CappelliezNew Year's Eve Show Dancer      Daria PanchenkoNew Year's Eve Show Dancer      Delphine BeaulieuNew Year's Eve Show Dancer      Victoria BrunNew Year's Eve Show Dancer      Cara ChapmanNew Year's Eve Show Dancer      Katharine MatthewsNew Year's Eve Show Dancer      Alexandra FagetNew Year's Eve Show Dancer      Clémence JuvilleNew Year's Eve Show Dancer      Margot L'EnteteNew Year's Eve Show Dancer      Hillary SukhonosNew Year's Eve Show Dancer      Matthew GéczyBob Haswell (uncredited)      Namory BakayokoSilhouette (uncredited)      Gregory DefleurHappy Birthday Person (uncredited)      Coralie Fargeat(uncredited)      ,0,0,1,0,0,0,0,0,0,0,0,0,0,0,0,1,0
Smile 2 (2024),"Horror, Mystery",127,66,Naomi ScottSkye Riley      Rosemarie DeWittElizabeth Riley      Lukas GageLewis      Miles Gutierrez-RileyJoshua      पीटर जेकोब्सनMorris      Ray NicholsonPaul Hudson      Dylan GelulaGemma      Raúl CastilloDarius      Kyle GallnerJoel      Drew BarrymoreDrew Barrymore      Zebedee RowAlexi      Roberts JekabsonsYev      Sean StolzenMaksim      Jon RuaAnton      Vladimir DuthiersVladimir Duthiers      Kristine JohnsonKristine Johnson      Margot WeintraubYoung Fan      Christopher BaileyDunbar      Xhloe RiceGothy College Student      Caitlyn ClasseyFan      Ivan CarloAlfredo      Mila FalkofSmiling Girl      Christopher SkySkye's SUV Driver      Jarrett Austin BrownIntoxicated Man      Erika ChaseGirl in Bar      Micaela LamasCostume Designer      Karma JenkinsMakeup Artist      Daphne ZelleHair Stylist      Ken McGrawClinic Security Guard      Brandi BravoYoung Doctor      Delphi HarringtonBenefit Patron      Fredi BernsteinTalent Handler      Trevor NewlinThe Monstrosity      Parker FinnPhotographer      ,0,0,1,0,0,0,0,1,0,0,0,0,0,0,0,0,0
Weekend in Taipei (2024),"Action, Adventure, Thriller",101,62,Luke EvansJohn Lawlor      Gwei Lun-meiJoey Kang      Sung KangKwang      Wyatt YangRaymond      Pernell WalkerCharlotte Fields      Zach IrelandAgent Simons      Patrick LeeBolo      Virginia ChienJournalist      Lu Yi-chingJoey's grandmother      Tou Tsung-HuaPolice Detective      Tjarret YongSalesman      Erin Adele ClarkAirport Counter Clerk      Janet HsiehWoman in Bathroom      ,0,0,0,0,0,0,0,0,0,0,0,0,0,1,1,0,1
Arena Wars (2024),"Action, Science Fiction, Thriller, Comedy, Horror",96,54,Michael MadsenSamson      Eric RobertsAdmiral Jordan      Robert LaSardoPerez      John WellsLuke Bender      Kevin HagerBelladonna      BJ MezekBoggs      Mercedes PetersonDomino      Sheri DavisHolly Daze      Michael BeranGideon      Robert DonavanMoses      Kylie FulmerBillie      Wesley CannonMinty / Meat Wagon      Johnny HuangKhan      Michelle HillAlice      Kyosuke MukaiKiyoshi      Tracy ObonnaKira      Allen WoodmanCalypso      Jason Marcos VelezCounter-Strike      Denny NolanDr. Clauberg      Bill Victor ArucanDr. Harata      Lisa HindsNurse Geraldine      Elizabeth Noelle JaphetNurse Angeline      Dee CutroneNurse Clarice      Maynard BagangAkuma      Dane BingenheimerBronson      Raf AdameBar Patron      Robert AndersonJackson      Darren BarcombBobby G      Brian BellSimmons      Kasey BrownKeebs      Chase ChristensenParty Guest      Scott CassinFive-O      Kyle ClaringtonRaphael      Alena DawnCammy      Anson DaysRichter      Kai DestinyKandi      James DormuthBig Pauly      Mindy DoughertyAsuela      Tim DoughertyAlan      Nick FordPrinceton      Victor V GelsominoEight Ball      Nicholas GeorgeAepeli      Darryl GoldbergTitus Flemmich      Darryl GoldbergParole Officer #3      Melyssa GraceSushi Girl      Earl GrayParis      Jean HeathenRosalie      Hans HernkeRosco      King JeffParole Officer #1      Angela JosephHopkins      Dennis E. JusinoCheddar      Alina KarpovaSasha      Marvin Maddicks Jr.Bogard      Jeramis McFaddenHector      Zach MuhsParty Guest      David C. NewmanKenshi      Jody NolanKenny      Nyell SeguraClancy      Steve PachecoRondo      Tony ParhamMaynard      Michael Della PiaTank      Sephdok RamoneRocky      Nino SmithSecurity Guard      Charles Solomon Jr.Parker      Ben StobberSteve      Greg TallyGoldie      Bron TheronNero      Rick TripCurly      Stef TripCurly      Viteliya VitaCandy      Janet WangShirley      Kyus WrightHargraves      Niko El Santo ZaveroHoracio Valdez      Rutherine UmaliClub Guest      Ashley ValiguraClub Guest      Tatum WesloskiClub Guest      ,0,0,1,0,0,0,0,0,0,0,1,0,0,1,0,1,1
Heretic (2024),"Horror, Thriller",111,70,Sophie ThatcherSister Barnes      Chloe EastSister Paxton      Hugh GrantMr. Reed      Topher GraceElder Kennedy      Elle YoungProphet      Julie Lynn-MortensenPedestrian      Haylie HansenTeenager      Elle McKinnonTeenager      Hanna HuffmanTeenager      Miguel CastilloNeighbor      Anesha BaileyNeighbor      Stephanie LavigneBeliever      Wendy GorlingDisciple      River CodackMissionary #1 (uncredited)      Carolyn AdairDriver with Car (uncredited)      ,0,0,1,0,0,0,0,0,0,0,0,0,0,1,0,0,0
Terrifier 3 (2024),"Horror, Thriller",125,68,Lauren LaVeraSienna Shaw      David Howard ThorntonArt the Clown      Samantha ScaffidiVictoria Heyes      Elliott FullamJonathan Shaw      Margaret Anne FlorenceJessica      Bryce JohnsonGreg      Alexa Blair RobertsonMia      Antonella RoseGabby      Mason MecarteaCole      Krsy FoxJennifer      Luciana VanDetteJuliet      Clint HowardSmokey      Bradley StrykerEddie      Daniel RoebuckCharlie Johnson / Santa Claus      Chris IrvineBurke      Tom SaviniBystander      Jason PatricMichael      Alex RossMark      Kailey HymanBrooke      Kellen RaffaeloTimmy      Jon AbrahamsDennis      Michael GenetJackson      Luciana Elisa QuiñonezYoung Sienna Shaw      Lisamarie FalconeDispatch      Stephen Cofield Jr.Officer Evans      Joe FalconeDean      Peter MitchellCosplayer      Marie MaserReceptionist      Michel VidalArmor Clad Demon      Juliana LamiaThe Virgin Mary      Sienna Hubert-RossStacy Bar Girl #1      Charlotte McKeeStacy Bar Girl #2      Chip CarriereDept Store Santa      Andrew HollingerElf      Robert CatalanoPhotographer      Lauren SowaMother      Nariyah SimpsonCarol Anne      Banks QuinneyLittle Boy #1      Evelyn LeeLittle Girl #2      Israel AcevedoSecurity Guard      Samantha SchwartzLittle Mall Girl      Jennifer C. JohnsonAngry Parent      Katie CurriAngry Parent #2      Preston Christopher LawrenceAngry Parent #3      Tom WhiteAngry Parent #4      Ryan UsuiLittle Boy #2      Annie LedermanGraven Image Co-Host      Michael LoverdeRowdy Beta #2      Ilia KrisulasRowdy Beta #1      Dominick MuschelloRowdy Beta #3      Beethovan OdenNews Anchor      Phil FalconeTom the Bus Driver      ,0,0,1,0,0,0,0,0,0,0,0,0,0,1,0,0,0
Pimpinero: Blood and Oil (2024),"Action, Crime, Drama",122,72,JuanesMoisés      Alejandro SpeitzerJuan      Alberto GuerraUlises      Laura OsmaDiana      ,0,0,0,0,0,1,0,0,0,1,0,0,0,0,0,0,1
Alien: Romulus (2024),"Horror, Science Fiction",119,72,Cailee SpaenyRain      David JonssonAndy      Archie RenauxTyler      Isabela MercedKay      Spike FearnBjorn      Aileen WuNavarro      Rosie EdeWY Officer      Soma Simon10-Year-Old Punk #1      Bence Okeke10-Year-Old Punk #2      Viktor Orizu10-Year-Old Punk #3      Robert BobroczkyiOffspring      Trevor NewlinXenomorph      Annemarie GriggsMU/TH/UR (voice)      Daniel BettsRook (Facial and Vocal Performance)      ,0,0,1,0,0,0,0,0,0,0,0,0,0,0,0,1,0
Levels (2024),"Action, Science Fiction, Thriller",92,58,Cara GeeAsh      Peter MooneyJoe      Aaron AbramsHunter      David HewlettOliver      Amanda TappingMEL      Adam HurtigGeddes      Sydney SabistonMaxine      Jade MaBellamy      BJ VerotReid      Kristian JordanWalker      Ava JulienWaitress      Kevin KlassenCommuter      ,0,0,0,0,0,0,0,0,0,0,0,0,0,1,0,1,1
Inside Out 2 (2024),"Animation, Adventure, Comedy, Drama, Family",97,76,Amy PoehlerJoy (voice)      Maya HawkeAnxiety (voice)      Kensington TallmanRiley (voice)      Liza LapiraDisgust (voice)      Tony HaleFear (voice)      Lewis BlackAnger (voice)      Phyllis SmithSadness (voice)      Ayo EdebiriEnvy (voice)      LilimarValentina (voice)      Grace LuGrace (voice)      Sumayyah Nuriddin-GreenBree (voice)      Adèle ExarchopoulosEnnui (voice)      डायने लेनMom (voice)      Kyle MacLachlanDad (voice)      Paul Walter HauserEmbarrassment (voice)      Yvette Nicole BrownCoach Roberts (voice)      Ron FunchesBloofy (voice)      James Austin JohnsonPouchy (voice)      Yong YeaLance Slashblade (voice)      Steve PurcellDeep Dark Secret (voice)      Dave GoelzMind Cop Frank (voice)      Kirk R. ThatcherForeman (voice)      फ्रैंक ओजMind Cop Dave (voice)      Paula PellMom's Anger (voice)      June SquibbNostalgia (voice)      पीट डॉक्टरDad's Anger (voice)      Paula PoundstoneForgetter Paula (voice)      John RatzenbergerFritz (voice)      Sarayu BlueMargie (voice)      FleaJake (voice)      Bobby MoynihanForgetter Bobby (voice)      Kendall Coyne SchofieldHockey Announcer (voice)      ,0,0,0,0,0,1,0,0,0,0,1,1,1,0,1,0,0
Hunting With Tigers (2024),"Action, Thriller",109,62,Sofiane ZermaniAvi      Waël SersoubMalik      Géraldine NakacheIris      Cassandra CanoEstelle      Samir GuesmiAzzedine      Losene KeitaOusmane      Olivier MartinezAnge      Omar SalimChérif Zhaoui      Vincent PerezSerge Lemy      ,0,0,0,0,0,0,0,0,0,0,0,0,0,1,0,0,1
Mufasa: The Lion King (2024),"Adventure, Family, Drama, Animation",118,97,Aaron PierreMufasa (voice)      Kelvin Harrison Jr.Taka (voice)      Tiffany BooneSarabi (voice)      Kagiso LedigaYoung Rafiki (voice)      Preston NymanZazu (voice)      Mads MikkelsenKiros (voice)      Thandiwe NewtonEshe (voice)      Lennie JamesObasi (voice)      Anika Noni RoseAfia (voice)      Keith DavidMasego (voice)      John KaniRafiki (voice)      Seth RogenPumbaa (voice)      Billy EichnerTimon (voice)      Donald GloverSimba (voice)      Blue Ivy CarterKiara (voice)      BeyoncéNala (voice)      Braelyn RankinsMufasa Cub (voice)      Theo SomoluTaka Cub (voice)      Folake OlowofoyekuAmara (voice)      Joanna JonesAkua (voice)      Thuso MbeduJunia (voice)      Sheila AtimAjarry (voice)      Abdul SalisChigaru (voice)      Dominique JenningsSarafi (voice)      Derrick L. McMillonMosi (voice)      Maestro HarrellInaki (voice)      AJ BecklesAzibo (voice)      David S. LeeMobo (voice)      Brielle RankinsMufasa Cub additional lines (voice)      ,0,0,0,0,0,1,0,0,0,0,0,1,1,0,1,0,0
Transformers One (2024),"Animation, Science Fiction, Adventure, Family",104,81,क्रिस हैमस्वर्थOrion Pax / Optimus Prime (voice)      Brian Tyree HenryD-16 / Megatron (voice)      स्कार्लेट जोहानसनElita-1 (voice)      Keegan-Michael KeyB-127 (voice)      Jon HammSentinel Prime (voice)      Steve BuscemiStarscream (voice)      Laurence FishburneAlpha Trion (voice)      Vanessa LiguoriAirachnid (voice)      Jon BaileySoundwave (voice)      Jason Konopisos-AlvarezShockwave / Guard 2 (voice)      Evan Michael LeeJazz (voice)      James RemarZeta Prime (voice)      Isaac C. Singleton Jr.Darkwing (voice)      Steve BlumAnnouncer Bot / Guard 1 (voice)      Jinny ChungChromia / Arcee (voice)      Josh CooleyControl Room Guys / PA System / Skywarp (voice)      Dillon BryanInjured Racer (voice)      ,0,0,0,0,0,0,0,0,0,0,0,1,1,0,1,1,0
Despicable Me 4 (2024),"Animation, Family, Comedy, Action",94,71,Steve CarellGru (voice)      Kristen WiigLucy (voice)      Will FerrellMaxime (voice)      Sofía VergaraValentina (voice)      Miranda CosgroveMargo (voice)      Dana GaierEdith (voice)      Madison PolanAgnes (voice)      Pierre CoffinMinions (voice)      Chris RenaudPrincipal Übelschlecht (voice)      Steve CooganSilas (voice)      Stephen ColbertPerry Prescott (voice)      Chloe FinemanPatsy Prescott (voice)      Joey KingPoppy Prescott (voice)      Laraine NewmanMelora / Additional Voices (voice)      John DiMaggioBus Driver (voice)      Tara StrongAdditional Voices (voice)      Romesh RanganathanAdditional Voices (voice)      Brad AblesonAdditional Voices (voice)      Barbara HarrisAdditional Voices (voice)      Eden BoultonAdditional Voices (voice)      JP KarliakAdditional Voices (voice)      Cathy CavadiniAdditional Voices (voice)      Arif S. KinchenAdditional Voices (voice)      Will CollyerAdditional Voices (voice)      Jeremy MaxwellAdditional Voices (voice)      Abby CradenAdditional Voices (voice)      Ken DaurioAdditional Voices (voice)      Khary PaytonAdditional Voices (voice)      John DeMitaAdditional Voices (voice)      Aaron ForsAdditional Voices (voice)      Isaac Robinson-SmithAdditional Voices (voice)      Willow GeerAdditional Voices (voice)      Isa HallAdditional Voices (voice)      Nisa WardAdditional Voices (voice)      Aaron HendryAdditional Voices (voice)      Andreana WeinerAdditional Voices (voice)      Colette WhitakerAdditional Voices (voice)      ,0,0,0,0,0,0,0,0,0,0,1,1,1,0,0,0,1
The Moor (2024),"Horror, Mystery, Drama",120,45,Sophia La PortaClaire      David Edward-RobertsonBill      Elizabeth Dormer-PhillipsEleanor      Mark PeacheyAlex      Vicki HackettLiz      Bernard HillThornley      Dexter Sol AnsellDanny      Margaret BreareyTracey      Trevor Dwyer-LynchMr. Hobson      Velton LishkeDetective      Duggal RamAshad      Billie SuggettYoung Claire      Mia VoreBecky      Jack WagmanPolice Officer      Mark WilliamsThe Prisoner      Aatif Ati ZaferLead Archaeologist      ,0,0,1,0,0,1,0,1,0,0,0,0,0,0,0,0,0
Solo Leveling -ReAwakening- (2024),"Action, Adventure, Fantasy, Animation",116,81,Taito BanShun Mizushino (voice) (archive footage)      Genta NakamuraKenta Morobishi (voice) (archive footage)      Haruna MikawaAoi Mizushino (voice) (archive footage)      Reina UedaShizuku Kousaka (voice) (archive footage)      Daisuke HirakawaShin Mogami (voice) (archive footage)      Hiroki TouchiTaiga Shirakawa (voice) (archive footage)      Banjo GingaKiyoomi Goto (voice) (archive footage)      Makoto FurukawaAkira Inukai (voice) (archive footage)      ,0,0,0,0,0,0,0,0,1,0,0,0,1,0,1,0,1
Knox Goes Away (2024),"Crime, Thriller, Action",114,69,Michael KeatonJohn Knox      Al PacinoXavier Crane      Marcia Gay HardenRuby Knox      जेम्स मार्सडेनMiles Knox      सूज़ी नाकामुराDetective Emily Ikari      Joanna KuligAnnie      Ray McKinnonThomas Muncie      John HoogenakkerDetective Rale      Lela LorenCheryl Knox      Morgan BastinKaylee Knox      Dennis DuganPhilo Jones      Jay PaulsonDetective Gelfuso      Sasha NebogaLudmilla      Marisa EcheverriaBianca Delgado      Chad DonellaJordan Moore      Nicole ReddingerAnnette Elmore      Skip HowlandDiner Patron w Tattoos (uncredited)      Chad ChambersOrderly      Paul PerriDr. Burns      Edwin Garcia IIElian Zubiri      Kristofer GordonStorage Clerk      Charles BissetAndrew Palmer      Jimmy OrtegaGuard      Martin GarciaDaniel Warren      Benita Krista NallCSI Tech      Roberto PortalesUniformed Cop      Natasha GalanoMargaret Pierce      Anthony MolinariAdult Man      Rena BobbsNicole Richardson      Joshua MabieMan #2      Rob MarsMan #3      James CroakMan #1      Zedric HarrisCounty Jail Guard      Gugun Deep SinghJohn Bustamonte      Alison AcostaUniformed Officer      Adrian GaetaUniformed Cop #2      ,0,0,0,0,0,0,0,0,0,1,0,0,0,1,0,0,1
My Fault (2023),"Romance, Drama",117,79,Nicole WallaceNoah Morgan      Gabriel GuevaraNick Leister      Marta HazasRafaela      Iván SánchezWilliam Leister      Eva RuizJenna      Víctor VaronaLion      Fran BerenguerRonnie      Adriana UbaniAnna      Ivan MassaguéJonas      Mariano VenancioMartin      Jaime OrdóñezChofer      Jaime GutiérrezLeonardo      Anastasia RussoNoah Nina      Noah CasasMaggie      Daniel MartínezCruz      Pablo RigueroDan      Eve RyanBetty      Lucas NaborMario      Antonio Hernández FimiaMikel      Paloma CatalánPetra      Rocío PeláezInspectora      Jon RodPolicia 1      Mariano AndresPolicia 2      Jonatan RuizTipo Bebida Fiesta      Mónica CaballeroDoctora Maggie      Álvaro NavarroMaitre      ,0,0,0,0,1,1,0,0,0,0,0,0,0,0,0,0,0
Classified (2024),"Action, Thriller",105,59,"Aaron EckhartEvan Shaw      Tim RothKevin Angler      Abigail BreslinKacey Walker      Matt HookingsAntonio Griffin      Lucky AliLuca      Joe AzzopardiBarman      Kirsty BartoloTourist      Marc CabourdinLast Guard Griffin      Myles ClohessyTanner      Kim DeLonghiLiona      Mariah HardySophie      Brandon LessardButler      Mark MeilakTourist      Massimo P MoranaSteve      Mike ParishOffice Manager      Marysia S. PeresMonica Walker      Paul PortelliLost & Found (NY)      Christian SciclunaConcierge Phoenicia      Cassandra SpiteriCustoms Agent, Italy      Steffi ThakeHotel Clerk      Baylee ToneyCassandra      ",0,0,0,0,0,0,0,0,0,0,0,0,0,1,0,0,1
Sonic the Hedgehog 3 (2024),"Adventure, Comedy, Family, Science Fiction",110,0,Ben SchwartzSonic (voice)      जिम कैरीDr. Robotnik / Gerald Robotnik      कियानू रीव्सShadow (voice)      इड्रिस एल्बाKnuckles (voice)      Colleen O'ShaughnesseyTails (voice)      Krysten RitterDirector Rockwell      जेम्स मार्सडेनTom Wachowski      Tika SumpterMaddie Wachowski      Alyla BrowneMaria Robotnik      Lee MajdoubAgent Stone      Natasha RothwellRachel      Shemar MooreRandall      Adam PallyWade Whipple      Tom ButlerCommander Walters      James WolkJorma TacconeCristo FernándezSofia Pernas,0,0,0,0,0,0,0,0,0,0,1,1,0,0,1,1,0
Arcadian (2024),"Action, Horror, Thriller, Science Fiction",92,61,निकोलस केजPaul      Jaeden MartellJoseph      Maxwell JenkinsThomas      Sadie SoverallCharlotte      Samantha CoughlanMrs. Rose      Joel GillmanHobson      Joe DixonMr. Rose      Daire McMahonMilitant Farmer (uncredited)      ,0,0,1,0,0,0,0,0,0,0,0,0,0,1,0,1,1
Cash Out (2024),"Action, Thriller",90,64,John TravoltaMason Goddard      Kristin DavisAmelia Decker      Lukas HaasShawn Goddard      QuavoAnton      Joel CohenVernon Richter      Noel GugliemiHector      Daniel Louis RivasChaz Antonelli      Natali YuraLink      Victorya BrandartJennifer Tish      Jake EllenzFBI Technician      John KinseyDemi CastroZade (as Demi Castro)      Luis Da Silva Jr.Fernando      Matt GeraldCaptain Fabrizio      Chris LindsayCommander Cyrus      Korrina RicoLucy      Swen TemmelGeorgios Caras      ,0,0,0,0,0,0,0,0,0,0,0,0,0,1,0,0,1
Survive (2024),"Thriller, Adventure, Action, Science Fiction",90,59,Andreas PietschmannTom      Émilie DequenneJulia      Lucas EbelBen      Arben BajraktarajL'homme au harpon      Lisa DelamarCassie      Olivier Ho Hio HenNao      ,0,0,0,0,0,0,0,0,0,0,0,0,0,1,1,1,1
How the Grinch Stole Christmas (2000),"Family, Comedy, Fantasy",104,68,जिम कैरीGrinch      Taylor MomsenCindy Lou Who      Jeffrey TamborMayor Augustus Maywho      Christine BaranskiMartha May Whovier      Bill IrwinLou Lou Who      Molly ShannonBetty Lou Who      Clint HowardWhobris      Josh Ryan Evans8-Year-Old Grinch      Mindy SterlingClarnella      Bryce Dallas HowardSurprised Who      Lacey KohlChristina Whoterberry      Rachel WinfreeRose      Rance HowardElderly Timekeeper      Jeremy HowardDrew Lou Who      T.J. ThyneStu Lou Who      Nadja PionillaJunie      Jim MeskimenOfficer Wholihan      Michael DahlenCustomer      David CostabileBiker Who      Mary SteinMiss Rue Who      James RitzCrazy Mose      Deep RoyPost Office Clerk      Jessica SaraSophie      Mason LuceroWho Boy      Ben Bookbinder8-Year-Old Augustus Maywho      Michaela GalloWho Schoolgirl      Landry Allbright8-Year-Old Martha May Whovier      Reid Kirchenbauer8-Year-Old Whobris      Rebecca ChaceShopper      Suzanne KrullShopper      Steve KehelaShopper      Lillias WhiteShopper      Rain PryorShopper      John AlexanderShopper      Kevin IsolaTree Trimmer      Gavin GrazerYodeler      Walter FranksClerk      Verne TroyerBand Member      Clayton MartinezCook      Q'orianka KilcherLittle Choir Member      Caroline WilliamsTiny Who Woman      John ShortTiny Who Man      Grainger EschNear Miss Who      Eva BurkleyPudding Chef      Rick BakerPuppeteer      Bill SturgeonPuppeteer      Mark SetrakianPuppeteer      Jurgen HeimannPuppeteer      Tim BlaneyPuppeteer      Charles CroughwellBalloon Who      Frank WelkerMax the Dog (voice)      एंथनी हॉपकिंसNarrator (voice)      ,0,0,0,0,0,0,0,0,1,0,1,1,0,0,0,0,0
The Count of Monte Cristo (2024),"Action, Adventure, Drama",178,82,"Pierre NineyEdmond Dantès / The Count of Monte Cristo / Lord Halifax      Bastien BouillonFernand de Morcerf      Anaïs DemoustierMercédès Herrera      Anamaria VartolomeiHaydée      Laurent LafitteGérard de Villefort      Pierfrancesco FavinoAbbé Faria      Patrick MilleDanglars      Vassili SchneiderAlbert de Morcerf      Julien de Saint JeanAndrea      Julie de BonaVictoria      Adèle SimphalAngèle      Stéphane VarupenneCaderousse      Marie NarbonneEugénie Danglars      Bruno RaffaelliMorrel      Abde MazianeJacopo      Amaya DucellierHaydée à 10 ans      Oscar LesageLe témoin du duel      Joachim SimonMaximilien Morrel      Françoise GazioYvonne      Axel Baillele serviteur du baron Danglars      Lily DupontSuzanne, l'amie d'Eugénie      Olivier Le Montagnerle gardien du château d'If      Jérémie CovillaultAntoine, le gardien de prison      Bernard BlancanLouis Dantès, père d'Edmond      Graziella DelermMme de Morcerf      Xavier de GuillebonM. de Morcerf      Clémentine BaertMme de Villefort      Florence MullerMme Herrera      Serge Bagdassarianun juge      Jean-Louis Tribesle curé      Laurent Dassaultun convive du repas chez les Morcef      ",0,0,0,0,0,1,0,0,0,0,0,0,0,0,1,0,1
Wake Up (2024),"Horror, Thriller, Action",80,74,Turlough ConveryKevin      Benny O. ArthurEthan      Alessia Yoko FontanaGrace      Jacqueline MoréYasmin      Kyle ScudderTyler      Thomas GouldKarim      Charlotte StoiberEmily      Aidan O'HareJack      Gary Anthony StennetteCoordinator      ,0,0,1,0,0,0,0,0,0,0,0,0,0,1,0,0,1
Dear Santa (2024),"Comedy, Fantasy",108,66,Robert Timothy SmithLiam Turner      जैक ब्लैकSatan      Keegan-Michael KeyDr. Finkleman      Brianne HoweyMolly Turner      Hayes MacArthurBill Turner      P.J. ByrneMr. Charles      Jaden Carson BakerGibby      Kai CechEmma      Post MalonePost Malone      Gavin MunnAidan      Cate FreedmanCrossing Guard      Ben StillerLucifer (uncredited)      Kyle GassScience Teacher      Lee ReyesLee      Bash HagelinJoey      Bryson Dean HaneyGrayson      Lindsay RootareTechnician      Luke ChiappettaJock      Greg ClarksonMale Newscaster      Maiya MoranFemale Newscaster      Abe FarrellyTattoo Tony      Leo Easton KellySpencer      Tierre TurnerBlitzen (voice)      Carole KaboyaLittle Kid’s Mom      Travon McEntyreMale Nurse      Izzy HerbertFlirty Girl      Selah Kimbro JonesAttractive Girl      ,0,0,0,0,0,0,0,0,1,0,1,0,0,0,0,0,0
Remnant (2024),"Science Fiction, Horror, Thriller",112,50,Nicole PritchardAnna Symes / Ghostly Figure      Shaun Robert FoleyJohn Barnes      Tsu Shan ChambersDr. Adriana Stone      Remi WebsterSophie Bridges      Megan BellGrace Wheeler      Martin Ashley JonesKevin Bridges      ,0,0,1,0,0,0,0,0,0,0,0,0,0,1,0,1,0
Japanese Mom (2017),"Romance, Drama",91,62,Jeon Ji-hakMin-cheol (민철)      Choi Min-hoGi-ho      Saki MizumiYuki      Ha RooMinky - Cameo      Ahn So-heeEun-ji      ,0,0,0,0,1,1,0,0,0,0,0,0,0,0,0,0,0
We Live in Time (2024),"Romance, Drama",108,76,एंड्रयू गारफ़ील्डTobias      फ्लोरेंस प्यूAlmut      Grace DelaneyElla      Lee BraithwaiteJade      Aoife HindsSkye      Adam JamesSimon Maxson      Douglas HodgeReginald      Amy MorganLeah      Niamh CusackSylvia      Lucy BriersDr Kerri Weaver      Robert BoulterDr Hernandez      Nikhil ParmarSanjaya      Kerry GodlimanJane      Heather CraneyBuffy Jones      Matt KennardBenjamin      Sam KennardLucas      Saroja-Lily RatnavelRestaurant Show Staff Member      Laura GuestMidwife      Marama CorlettAdrienne Duvall      Sue WallaceCarlotta (Diner Waitress)      Megan HalyCashier      Eliot SaltChef James      Kevin BrewerChef Luke      Fumilayo Brown-OlatejuChef Ruth      Roly BothaNoel (Close-Up Magician)      Grace MolonyNurse (Chemo Ward)      Ann OgbomoOperator      Saira ChoudhrySheena      Joao Soares Dos ReisStation Cook      ,0,0,0,0,1,1,0,0,0,0,0,0,0,0,0,0,0
Dominique (2024),"Action, Thriller",94,76,Oksana OrlanDominique      Sebastián CarvajalJulio      María del RosarioPaulina      Maurice CompteChief Santiago      Chase ColemanJohn      Ski CarrGonzalo      Jose Conejo MartinOfficer Chago      ,0,0,0,0,0,0,0,0,0,0,0,0,0,1,0,0,1
My Grandfather's Demons (2022),"Animation, Drama, Fantasy",85,61,Victoria GuerraRosa (voice)      António DurãesGrandpa Marcelino (voice)      Ana Sofia MartinsLaura (voice)      Nuno LopesJoão (voice)      João TemperaHugo (voice)      Celso BugalloAntónio (voice)      Martim BalsaChico (voice)      Óscar BrancoAttorney (voice)      ,0,0,0,0,0,1,0,0,1,0,0,0,1,0,0,0,0
Subservience (2024),"Science Fiction, Thriller, Horror",105,67,Megan FoxAlice      Michele MorroneNick      Madeline ZimaMaggie      Matilda FirthIsla      Andrew WhippMonty      Atanas SrebrevLewis      Kate NicholsLyla      Trevor Van UdenActor      Euan MacnaughtonSIM Doctor (Male)      Max KrausActor      JR EspositoKobol Supervisor (Human)      Doroteya TolevaSim Waitress      Antoni DavidovTravis      Jude GreensteinMax      Rosmary YanevaFemale SIM      Kexin WangJohn      Manal El-FeituryDonna      Ronak PataniClerk (Kobol Showroom)      Derek MorseParamedic (SIM) / Kobol SIM      Les WeldonDoctor      Ayden HowlettMason      Velizar BinevOlder Male SIM      Emanuela TolevaServer SIM (Female)      Kalina KrustevaNurse (Human)      Boris GeorgievSurgeon SIM      Velimir VelevSurgeon SIM      Eva KalaydzhievaSurgeon SIM      Kristina VeroSurgeon SIM      ,0,0,1,0,0,0,0,0,0,0,0,0,0,1,0,1,0
OVERLORD: The Sacred Kingdom (2024),"Action, Adventure, Animation, Fantasy",134,78,Satoshi HinoAinz Ooal Gown / Momonga (voice)      Yumi HaraAlbedo (voice)      Masayuki KatouDemiurge (voice)      Yoshino AoyamaNeia Baraja (voice)      Hitomi NabatameRemedios Custodio (voice)      Saori HayamiCalca Bessarez (voice)      Haruka TomatsuKelart Custodio (voice)      ,0,0,0,0,0,0,0,0,1,0,0,0,1,0,1,0,1
The Grinch (2018),"Animation, Family, Comedy, Fantasy",85,69,बेनेडिक्ट कम्बरबैचGrinch (voice)      Rashida JonesDonna Lou Who (voice)      केनन थॉम्पसनBricklebaum (voice)      Cameron SeelyCindy Lou Who (voice)      Angela LansburyMayor McGerkle (voice)      Pharrell WilliamsNarrator (voice)      Ramone HamiltonAxl (voice)      Sam LavagninoOzzy (voice)      Scarlett EstevezIzzy (voice)      Michael BeattieStore Clerk (voice)      Scott MosierAdditional Voices (voice)      Lori AlanAdditional Voices (voice)      Carter HastingsAdditional Voices (voice)      Carlos AlazraquiAdditional Voices (voice)      John KassirAdditional Voices (voice)      Cathy CavadiniAdditional Voices (voice)      Danny MannAdditional Voices (voice)      Meilee CondronAdditional Voices (Voice)      Tristan O'HareGroopert (voice)      Doug BurchAdditional Voices (voice)      Tucker ChandlerAdditional Voices (voice)      Townsend ColemanAdditional Voices (voice)      Abby CradenAdditional Voices (voice)      Brian T. DelaneyAdditional Voices (voice)      John DeMitaAdditional Voices (voice)      Bill FarmerAdditional Voices (voice)      Aaron ForsAdditional Voices (voice)      Willow GeerAdditional Voices (voice)      Jess HarnellAdditional Voices (voice)      Evan KishiyamaAdditional Voices (voice)      Barbara HarrisAdditional Voices (voice)      Jeremy MaxwellAdditional Voices (voice)      Laraine NewmanAdditional Voices (voice)      Dashiell PriestleyAdditional Voices (voice)      Alex PuccinelliAdditional Voices (voice)      Emma Elizabeth ShannonAdditional Voices (voice)      Joel SwetowAdditional Voices (voice)      Mindy SterlingAdditional Voices (voice)      Tara StrongAdditional Voices (voice)      Regina TaufenAdditional Voices (voice)      Jim WardAdditional Voices (voice)      ,0,0,0,0,0,0,0,0,1,0,1,1,1,0,0,0,0
Battle for the Western Front (2022),War,90,57,Michael LakeYoung Man      Christopher CordellBench      Sylvain PlasseSylvain - French Farmer      Somerville BlackBethany      Aaron HuggettCEF Officer      Corey ChaineyGerman Soldier      Sam BiskeyJulian SeguinAdam Daniel MezelKyle Naylor,0,1,0,0,0,0,0,0,0,0,0,0,0,0,0,0,0
Azrael (2024),"Action, Horror, Thriller",86,60,Samara WeavingAzrael      Vic Carmen SonneMiriam      Katariina UntJosefine      Peter ChristoffersenDemian      Nathan Stewart-JarrettKenan      Johhan RosenbergAnton      Eero MilonoffLuther      Sebastian Bull SarningIsaac      Rea LestLiesl      Phong GiangSevrin      Sonia RoszczukBurnt Woman      Valentin TzinTall Burnt Man      Vincent WillestrandLeon      Karen BengoEsmeralda      Felix LeechThin Burnt Man      Ekke Märten HeklesMid-Ground Burnt Person      Robin LiksorMid-Ground Burnt Person      Karl Edgar TammiMid-Ground Burnt Person / Villager      Boyan AnevMid-Ground Burnt Person      Roger PurtsakBackground Burnt Person      Edgar RahhimovBackground Burnt Person      Marten FrankBackground Burnt Person      Jan-Erik SedrikBackground Burnt Person      Elvira ErliJosefine's Mom      Kaire SõmerMother      Eliisabet Estrid SomerKid      Alisa MerkurievaVillager      Andreas AinjärvVillager      Anne TürnpuVillager      Christopher Das RaajVillager      Claudia Isabel Lopez OrtizVillager      Daniel AmanyoVillager      Dmitry MerkurievVillager      Ege Berk AkgünVillager      Ene PappelVillager      Helin RääkVillager      Janek KarakatšVillager      Jegor SevastjanovVillager      Jekaterina MeinertVillager      Johanna VaiksooVillager      Jörgen LiikVillager      Klaus Abram SiimonVillager      Konstantin AleksejevVillager      Lenna Lii KuusklaVillager      Liis Maria KaabelVillager      Lisette MallaVillager      Maarja TammemägiVillager      Madis LaurVillager      Marion TammetVillager      Martin KöstnerVillager      Meelis RämmeldVillager      Mia MooreVillager      Priit KesaVillager      Reena UusmetsVillager      Sergei PozdniakovVillager      Silva PijonVillager      Silver SoorskVillager      Sirelyn RääkVillager      Sofia KruusamägiVillager      Stefan HeinVillager      Vivek TyagiVillager      ,0,0,1,0,0,0,0,0,0,0,0,0,0,1,0,0,1
Bad Boys: Ride or Die (2024),"Action, Comedy, Crime, Thriller, Adventure",115,75,Will SmithMike Lowrey      मार्टिन लॉरेंसMarcus Burnett      वेनेसा हजेंसKelly      Alexander LudwigDorn      Paola NuñezRita      Eric DaneMcGrath      Ioan GruffuddLockwood      Jacob ScipioArmando      Melanie LiburdChristine      Tasha SmithTheresa      Rhea SeehornJudy      Tiffany HaddishTabitha      Joe PantolianoCaptain Howard      DJ KhaledManny      John SalleyFletcher      Bianca BethuneMegan      Dennis GreeneReggie      Quinn HemphillCallie      Derek RussoLintz      Karter Reese NewsomeLittle Marcus      Levy TranWolf      Jay DeVon JohnsonRuss Brown      Jeff J.J. AuthorsFelix the Drunk Pilot      Nicholas VerdiHijacked Pilot      Steven Sean GarlandThe Banker      Jerri TubbsBanker's Wife      Jewelianna Ramos-OrtizBanker's Girlfriend      Enoch KingConvenience Store Clerk      James Lee ThomasThief      Jay ShettyPolice Chaplain      Jason DavisGrice      Ahmed LucanDoctor      Bria BrimmerNurse      Alex PiresParamedic      Nathan HesseTrailer Park Redneck      Jesse MalinowskiTrailer Park Redneck      Blanca GoodfriendWoman in Car      Jasmin LawrenceReporter Johnson      Adriana SheriReporter Cobb      Joyner LucasGang A Leader      Marybel RodriguezNewscaster      Austin CarterNewscaster      Dwight TurnerNewscaster      Jenna KanellNicole      Rob MarsAnalyst      Bobby HernandezSniper      माइकल बेPorsche Driver      Khaby LameMan on the Street (uncredited)      Adil El ArbiManny's Goon #1 (uncredited)      Bilall FallahManny's Goon #2 (uncredited)      ,0,0,0,0,0,0,0,0,0,1,1,0,0,1,1,0,1
Skin. Like. Sun. (2010),Romance,60,65,Wim van DammeHimself      Floor WynsHerself      ,0,0,0,0,1,0,0,0,0,0,0,0,0,0,0,0,0
An Almost Christmas Story (2024),"Animation, Adventure, Fantasy, Family",24,76,Cary ChristopherMoon (voice)      Estella MadrigalLuna (voice)      Jim GaffiganPapa Owl (voice)      Mamoudou AthiePelly (voice)      Alex Ross PerryDave The Dog (voice)      Gianna JosephPeaky (voice)      Phil RosenthalPunt (voice)      Natasha LyonnePat (voice)      John C. ReillyThe Folk Singer (voice)      David LoweryAdditional Voice (voice)      Megan MelendiAdditional Voice (voice)      Mike MelendiAdditional Voice (voice)      ,0,0,0,0,0,0,0,0,1,0,0,1,1,0,1,0,0
Juror #2 (2024),"Crime, Drama",114,70,निकोलस हॉल्टJustin Kemp      Toni ColletteFaith Killebrew      J.K. SimmonsHarold Chincowski      Chris MessinaEric Resnick      Zoey DeutchAllison Crewson      Cedric YarbroughMarcus      Kiefer SutherlandLarry Lasker      Gabriel BassoJames Michael Sythe      Amy AquinoJudge Thelma Hollub      Leslie BibbDenice Aldworth      Francesca EastwoodKendall Carter      Adrienne C. MooreYolanda      Chikako FukuyamaKeiko      Phil BiedronVince      Hedy NasserCourtney      Onix SerranoEli      Drew ScheidBrody      Jason CovielloLuke      Zele AvradopoulosIrene      Rebecca KoonNellie      KateLynn E. NewberryHideaway Bartender      Rachel WaltersWoman from Bar      Megan MieduchAllison's Friend      Melanie HarrisonCampaign Manager (VO)      Bria BrimmerBailiff Wood      Scott Alan SmithCustodian      Javier Vazquez Jr.Hiker      Kurt YueMedical Examiner      Tom ThonElderly Man      Ra Val DavisReporter      Gabriel ButlerOliver      Kevin SaundersBurly Guy      Luciano AntoninoFraternity Guy      Lou BoschCoffee Cart Attendant      Kellen BoyleFaith's Assistant      Vincent MinutellaGroundskeeper      Ella FraleyHostess (uncredited)      Grant RobertsDesk Cop (uncredited)      ,0,0,0,0,0,1,0,0,0,1,0,0,0,0,0,0,0
Whisper of the Witch (2024),"Horror, Thriller",90,68,Arthur BeschastnyПол      Maryana SpivakСофия      Sofya ShidlovskayaЯна      Igor GrabuzovНик      Sergey SafronovАртур      Valeria KotДжули      Ilya VinogorskyРон      Kirill RusinКевин      Artyom FadeevMarina GrishakovaRavil BatyrovIvan RysinSemyon DorinKolya NeukoellnKirill YakushenkoElena AgeevaAleksey LysenkoIvan GoryachevAndrey KnyazevMaxim Ivanov,0,0,1,0,0,0,0,0,0,0,0,0,0,1,0,0,0
SpongeBob Squarepants: Kreepaway Kamp (2024),"TV Movie, Family, Comedy, Horror, Animation",45,70,Tom KennySpongeBob / Cabin / Clam / Snail / Tall Tail / Vampire Monster / Sea Urchins / Jellyfish / Anchovies (voice)      Bill FagerbakkePatrick / Anchovy #2 / Roh / Sea Urchins / Anchovies (voice)      Rodger BumpassSquidward / Regigilled / The Creeper / Sea Urchins (voice)      Clancy BrownMr. Krabs / Anchovies (voice)      Carolyn LawrenceSandy / Rea / Teen Girls / Sea Urchins / Anchovies (voice)      Mr. LawrencePlankton / Larry the Lobster / Anchovy #1 / Sea Bunnies / Sea Urchins (voice)      Lori AlanPearl / Teen Girls (voice)      Carlos AlazraquiHarvey / Anchovy #3 / Sea Bunnies / Sea Urchins / Nobby / Orange Fish (voice)      Dee Bradley BakerBubble Bass / Kevin C. Cucumber / Craig Mammalton / Kidferatu / Rock Monster / Anchovies (voice)      India de BeaufortMaisey Manes (voice)      Grey DeLislePreda Tory / Big Roxie / Elwood (voice) (as Grey DeLisle)      Mary Jo CatlettMrs. Puff (voice)      John GegenhuberJimmy Blobfish / Anchovies (voice)      Jess HarnellThe Kraken (voice)      Kate HigginsLittle Roxie / Narlene (voice)      Sirena IrwinLady Upturn / Nurse Helga / Mo / Teen Girls (voice)      Jill TalleyKaren / Sea Urchins (voice)      Alexander WardNosferatu      ,0,0,1,1,0,0,0,0,0,0,1,1,1,0,0,0,0
Canary Black (2024),"Action, Thriller, Crime",103,64,केट बेकिंस्लेAvery Graves      Rupert FriendDavid Brooks      Saffron BurrowsElizabeth Mills      Ray StevensonJarvis Hedlund      Goran KostićBreznov      Ben MilesDCIA Nathan Evans      Jaz HutchinsAgent Maxfield      Romina TonkovićSorina      Ana CilasAbby      Emma GojkovićEvans Assistant      Igor PečenjevHostage Agent      Andrei LenartNiklaus      Luka AlagićLaszlo Stoica      ,0,0,0,0,0,0,0,0,0,1,0,0,0,1,0,0,1
The Crow (2024),"Action, Fantasy, Horror",111,59,Bill SkarsgårdEric      FKA twigsShelly      Danny HustonVincent Roeg      Josette SimonSophia      Laura BirnMarion      Sami BouajilaKronos      Karel DobrýRoman      Jordan BolgerChance      Sebastian OrozcoDom      David BowlesWickham      Tundy SmithLex      Samba GoldinJay      Isabella WeiZadie      Jordan HajAdam      Dukagjin PodrimajDetective Milch      Darija PavlovičováGray      Caolan O'Neil-FordePunk Inmate      Janek GregorLarge Inmate      Lukáš Duy Anh TranSkinny Inmate      Solo UniackeYoung Eric      Brian CaspeSimon Elbe / Therapist      Peter Parker MensahKelly (Guard)      Gregory GudgeonJames      Bethany AdamsClinical Aid      Jakub StrachChance Friend #4      Robert James RichChance Friend #1      Vladimír NezdarilChange Friend #2      Beáta GolováChance Friend #3      Jim HighUniformed Cop #1      Seam TurayUniformed Cop #2      Lada BočkováSoloist #1      Daniel MatoušekSoloist #2      David EvropejskýMentor      Monika KvasničkováEric's Mother      Andrea MiltnerMusic Teacher      Paul MaynardCard Dealer      Leona SkleničkováEmma      Sinéad PhelpsEMT #1      Daniel SzelezsánEMT #2 Kronos Look Alike      Emmanuel IloegbunamDrug Dealer      Paul DeanGuard      Antonín HausknechtFriendly Driver (Stunt Driver)      Baha ChbaniArabic Businessman #2      Ahmad AlhadiArabic Businessman #1      Jan BudařOpera Fighter      ,0,0,1,0,0,0,0,0,1,0,0,0,0,0,0,0,1
The Lord of the Rings: The War of the Rohirrim (2024),"Animation, Fantasy",134,69,Brian CoxHelm Hammerhand (voice)      Gaia WiseHéra (voice)      Luke PasqualinoWulf (voice)      Laurence Ubong WilliamsFréaláf Hildeson (voice)      लॉरैन ऐशबोर्नOlwyn (voice)      Shaun DooleyFreca (voice)      Benjamin WainwrightHaleth (voice)      Yazdan QafouriHáma (voice)      Miranda OttoÉowyn (voice)      Michael WildmanGeneral Targg (voice)      Janine DuvitskiOld Pennicruik (voice)      Bilal HasnaLief (voice)      Jude AkuwudikeLord Thorne (voice)      Billy BoydShank (voice)      Dominic MonaghanWrot (voice)      Alex JordanLord Frygt (voice)      Bea DooleyYoung Héra (voice)      Elijah TamatiYoung Wulf (voice)      Will GodberYoung Rohan Refugee (voice)      Christopher LeeSaruman (voice)      Calum GittinsWildman (voice)      Matt BeachenDunharrow Captain (voice)      ,0,0,0,0,0,0,0,0,1,0,0,0,1,0,0,0,0
A Nonsense Christmas with Sabrina Carpenter (2024),Music,50,75,Sabrina CarpenterSelf      Chappell RoanSelf      Kali UchisSelf      Shania TwainSelf      Cara DelevingneSelf      Jillian BellSelf      Kyle MooneySelf      Owen ThieleSelf      Quinta BrunsonSelf      Nico HiragaSelf      Megan StalterSelf      Sean AstinSelf      TylaSelf      Gaynor HicksSelf      Oriane ServeilleSelf      Denise CariteSelf      Treylyn InaySelf      Jamal MooreSelf      Kirsten EdkinsSelf      Solomon DorseySelf      Peter DyerSelf      Natsuki MiyaSelf      Jazz SmithSelf      RJ KellySelf      Nycole AltchilerSelf      Cherry DavisSelf      Jay TellisSelf      Mikey B. Martinez IIISelf      Tim StewartSelf      ,1,0,0,0,0,0,0,0,0,0,0,0,0,0,0,0,0
The Flesh (1991),"Drama, Romance",90,53,Sergio CastellittoPaolo      Francesca DelleraFrancesca      Philippe LéotardNicola      Farid ChopelAldo      Petra ReinhardtGiovanna      Gudrun GundlachNursing woman on the beach      Nicoletta BorisOwner of the Bar      Alessandro De SantisSon of the owner of the bar      Eleonora CecereDaughter of Paolo      Massimo BucchiPriest      Sonia TopazioSupermarket Cashier      Pino ToscaCarabiniere      Matteo RipaldiClelia PiscitelliElena WiedermannDaniele FralassiSalvatore EspositoFulvio Falzarano,0,0,0,0,1,1,0,0,0,0,0,0,0,0,0,0,0
The Aunts (2024),Horror,87,70,Ximena SariñanaCamila NuñezDiego KleinRoberto Quijano,0,0,1,0,0,0,0,0,0,0,0,0,0,0,0,0,0
IF (2024),"Comedy, Fantasy, Family",104,72,"Cailey FlemingBea      रयान रेनॉल्ड्सCal      जॉन क्रज़िन्स्कीDad / Marshmallow (voice)      Fiona ShawGrandmother      Steve CarellBlue (voice)      Phoebe Waller-BridgeBlossom (voice)      Louis Gossett Jr.Lewis (voice)      Alan KimBenjamin      Liza Colón-ZayasJanet      Bobby MoynihanJeremy      Catharine DaddarioBea’s Mom      Audrey HoffmanBea (Ages 3 & 5)      Laquet Sharnell PringleReceptionist      Ed HerbstmanDeli Guy      Barbara AndresWoman Upstairs      Alexander RiveroCustodian      Shauna PinkettHospital Receptionist      Sa'Raya Paris Johnson7 Year-Old Girl      Marta Siteiya MoipeiCoffee Shop Barista      David WeissmannYoung Jeremy      AwkwafinaBubble (voice)      Emily BluntUnicorn (voice)      जॉर्ज क्लूनीSpaceman (voice)      ब्रैडली कूपरIce (voice)      मैट डैमनFlower (voice)      Bill HaderBanana (voice)      Richard JenkinsArt Teacher (voice)      Keegan-Michael KeySlime (voice)      ब्लैक लिवलीOctopuss (voice)      Sebastian ManiscalcoMagician Mouse (voice)      Christopher MeloniCosmo (voice)      Matthew RhysGhost (voice)      सैम रॉकवेलGuardian Dog (voice)      Maya RudolphAlligator (voice)      Amy SchumerGummy Bear (voice)      Allyson SeegerViola (voice)      Jon StewartRobot (voice)      Craig ""Radioman"" CastaldoRadio Man (uncredited)      ",0,0,0,0,0,0,0,0,1,0,1,1,0,0,0,0,0
Bagman (2024),"Horror, Thriller",92,61,Sam ClaflinPatrick McKee      Antonia ThomasKarina      Caréll Vincent RhodenJake McKee      Will DavisBagman      Adelle LeonceAnna      William HopeChief Isaacs      Steven CreeLiam McKee      Sharon D. ClarkeBarbara      Henry PettigrewDon      Neil LinpowOfficer Rawls      Frankie CorioEmily      ,0,0,1,0,0,0,0,0,0,0,0,0,0,1,0,0,0
The Soul Eater (2024),"Thriller, Horror, Crime, Mystery",111,62,Virginie LedoyenÉlisabeth Guardiano      Paul HamyFranck De Rolan      Sandrine BonnaireDocteur Carole Marbas      Malik ZidiFabrice Gonnet      Emmanuel LanziLe motard      Christophe FavreHenri Maublanc      Jérémy MargalléM. Vasseur      Francis RenaudBrigadier-Chef Marcelin      Elisabeth DudaPascale Minot      Lya Oussadit-LessertJeanne Maublanc      Chloé CoulloudValentine Schwarz      Wendy GrenierNina      Emmanuel BonamiArnaud      Antoine LevannierBenjamin Cortes      Oliver BodartRaphaël Pietranovsky      Stéphane DausseLe prêtre      Juliette WipplerFille d'Elisabeth      Maxime NietoOlivier Taurand      Cameron BainEvan Vasseur      Audrey GolayMme Vasseur      Karine KoscMaryse Maublanc      Charlène CudratSecrétaire Accueil Hôpital      Thomas RezetteDroucourt      François VataireRéceptionniste de l'hôtel      Valérie HerterInfirmière de l'hôpital      Élia St-PierreJeanne Maublanc (voice)      ,0,0,1,0,0,0,0,1,0,1,0,0,0,1,0,0,0
Pleasure (2021),Drama,108,62,"Sofia KappelBella Cherry      Zelda MorrisonJoy      Tee ReelMike      Evelyn ClaireAva      Chris CockBear      Dana DeArmondAshley      Kendra SpadeKimberly      Mark SpieglerSpiegler      Eva MelanderMother (voice)      Lucy HartCaesar      John StrongBrian      Ryan McLaneZander      Axel BraunAxel      Charlotte CrossAbella      Xander CorvusKeith      Ivy SherwoodFunny Girl      Kasia SzarekSophia - Make-up Girl #1      Chanel PrestonChanel      Casey CalvertCasey      Aiden StarrAiden Starr      Mick BlueJules      Jack BlaqueJason      Nathan BronsonDan      Bill BaileyAdam      Steve HolmesChristian      Juliette MarchJuliette      Abella DangerAbella Danger      Gina ValentinaGina Valentina      Maja KinNora Moore, Spiegler Girl (uncredited)      Reza AzarJoe      Small HandsDex      Derrick PierceChris      Tommy PistolMike (director)      Claudio BergaminClaudio      Alice GreyAliah      Marc KramerAxel's PM      Peter WarrenPeter / Ray      Eric John GrossbeckPorn Actor      Yoshi NurijumiSecurity Guard / End Party      Cammy DarlingMakeup Girl #2      David FreemanPhotographer #1      Jay AllanPhotographer #2      Anthony Elias ContrerasICE Agent      Victor SiegelPorn Cameraman      Michael ThompsonRoger      Devin McGeeTechnician      Kelvin Batiste Jr.Technician #2      Ex LibrisRigger      Mana AfsharBathroom Girl #1      Danielle AlexandriaBathroom Girl #2      Rusty NailsCrew Member      Ken Melvoin-BergCrew Member #2 / BBG Shoot / Bill      Sean StearleyCrew Member #3 - BGG Shoot      RuckusRuckus      Timi MasonStaff      Jules JordanJules Jordan (uncredited)      Pryde PierceVIP Partygoer (uncredited)      Parker StuartDavid (uncredited)      Ester UddénSpiegler Girl (uncredited)      Jason TolerMike      ",0,0,0,0,0,1,0,0,0,0,0,0,0,0,0,0,0
The Haunting Of The Immaculate Nurse (2024),Horror,107,58,Paulina GaitánRebeca      Azul GuaitaVanessa      Iazua LariosLuciana      Adriana LlabrésAriana      Patricia Reyes SpíndolaHortensia      Karla GarridoEnfermera Recepcionista      Enoc LeañoDr. Sánchez      Fernanda Echevarría del RiveroEulalia      Carlos ValenciaRamírez      David FridmanArturo Linares      Patricia MaqueoPaula      Tony Dalton,0,0,1,0,0,0,0,0,0,0,0,0,0,0,0,0,0
Kingdom of the Planet of the Apes (2024),"Science Fiction, Adventure, Action",145,71,Owen TeagueNoa      Freya AllanNova / Mae      Kevin DurandProximus Caesar      Peter MaconRaka      William H. MacyTrevathan      Eka DarvilleSylva      Travis JefferyAnaya      Lydia PeckhamSoona      Neil SandilandsKoro      Ras-Samuel Welda'abzgiLightning      Sara WisemanDar      Kaden HartcherOda / Rust      Andy McPheeHonored Elder      Nina GallasYoungster #1      Samuel FaléYoungster #2      Dichen LachmanKorina      Virginie LaverdureLead Tech      Markus HamiltonTech #1      Benjamin ScottTech #2      Nirish Bhat SurambadkaYoungster #3      Frances BerryLaika      Peter HayesFeral Human #1      Sheree da CostaFeral Human #2      Souleymane DiasseFeral Human #3      Olga MillerFeral Human #4      Dmitriy MillerFeral Human #5      Anastasia MillerFeral Human #6      Michael SpudicTech #3      Karin KonovalMaurice      Terry NotaryRocket      ,0,0,0,0,0,0,0,0,0,0,0,0,0,0,1,1,1
The Garfield Movie (2024),"Animation, Comedy, Family, Adventure, Action",101,71,क्रिस प्रैटGarfield (voice)      Samuel L. JacksonVic (voice)      Hannah WaddinghamJinx (voice)      Ving RhamesOtto (voice)      निकोलस हॉल्टJon (voice)      Cecily StrongMarge Malone (voice)      Harvey GuillénOdie (voice)      Brett GoldsteinRoland (voice)      Bowen YangNolan (voice)      स्नूप दॉगMaurice (voice)      Janelle JamesOlivia (voice)      Angus CloudSnickers (voice)      Jeff FoxworthyZapped Bird (voice)      Eugenia CarusoMaria (voice)      Luke Cinque-WhiteVito (voice)      Dev JoshiLiz (voice)      Chana KeeferRom-Com Woman (voice)      Mark KeeferRom-Com Man (voice)      Edward MontgomeryFitness Bike Instructor (voice)      Mark DindalSleep App Voice (voice)      Cameron Bernard JonesBarry / Lactose Farms Phone Operator (voice)      Darren ForemanUsed Catapult Customer (voice)      Timothy QuinlanFind My Pet Voice (voice)      Matt RippySpanish Find My Pet Voice / Farmhand (voice)      Alicia Grace TurrellEthel / Lactose Farms Phone Operator (voice)      Eric LorenRoadkill / Busboy (voice)      Melli BondFish Market Worker (voice)      Lynsey MurrellTour Guide Tracy (voice)      Amelia SciandraPA Announcer (voice)      Jennifer WoodwardPA Announcer (voice)      Hannah FelixPound Worker (voice)      ,0,0,0,0,0,0,0,0,0,0,1,1,1,0,1,0,1
Project Silence (2024),"Action, Thriller, Horror, Science Fiction",96,71,Lee Sun-kyunCha Jung-won      Ju Ji-hoonJobak      Kim Hee-wonDr. Yang      Moon Sung-keunByung-hak      Ye Su-jeongSoon-ok      Kim Tae-wooJung Hyun-baek      Park Hee-vonMi-ran      Park Ju-hyunYu-ra      Kim Su-anCha Kyung-min      Ha Do-kwonCaptain Kang      Jang GwangDefense Minister      Choi Jung-wooChief secretary      Ku Sung-hwanBus driver      Park Ho-sanIntelligence Commander      Moon Byeong-juBJ      Song You-hyunKyung-min's mother      Jang Tae-minOfficial      Yoo YeonOfficial      Kwak Jin-seokCommando commander      Ahn Seong-bongStaff sergeant      ,0,0,1,0,0,0,0,0,0,0,0,0,0,1,0,1,1
F Marry Kill (2024),"Comedy, Thriller",97,67,Lucy HaleEva Vaugh      Virginia GardnerKelly      Brooke NevinValerie      Jedidiah GoodacreKyle      Brendan MoranMitch      Samer SalemNorman      Bethany BrownRobin      JayR TinacoAnthony      Haley Victoria HuntSheryl      RJ FetherstonhaughJake      Edem NyamadiBrad      Laura YengaWinnie      Pete MacLeodFinance Scam Date      ,0,0,0,0,0,0,0,0,0,0,1,0,0,1,0,0,0
Beetlejuice Beetlejuice (2024),"Comedy, Fantasy, Horror",105,71,Michael KeatonBeetlejuice      विनोना रायडरLydia      Catherine O'HaraDelia      जेना ओर्टेगाAstrid      Justin TherouxRory      विलेम डाफ़ोJackson      मोनिका बेलुचीDelores      Arthur ContiJeremy      Nick KellingtonBob - Shrinker      Santiago CabreraRichard      Burn GormanFather Damien      Danny DeVitoJanitor      Sami SlimaneLe Tigre      Amy NuttallJane Butterfield      Mark HeenehanClive      Charlie HopkinsonClive (voice)      Liv SpencerOlga      Skylar ParkLittler Jane      Matt LyonsDave - Shrinker      Jane LeaneyJeremy's Mom      David AyresJeremy's Dad      Sophie HollandHot Dog Lady on a Stick      Walles HamondeGlen - Director      Max PembertonSurfer Dude      Rebecca O'MaraJody Welch      Adam SpeersEmmet Welch      Daryl KwanEddy      Caroline LawrieDead Cat Lady      Philip PhilmarHooded Pagan      Stephen K. AmosConductor      Sean VerreJosh      Noah MendesEthan      Juliana YazbeckMummy Immigration Officer      Bea SvistunenkoNadia      Filipe CatesVlad      Alex Michael StollTV Interviewer      Rupi LalAstrid's Doctor      Georgina BeedleJackson's Secretary      Stefano MarchettiItalian Narrator (voice)      James FisherDetective (uncredited)      Ian HawkinsFuneral Mourner (uncredited)      टिम बर्टनBaby Beetlejuice (voice) (uncredited)      ,0,0,1,0,0,0,0,0,1,0,1,0,0,0,0,0,0
My Hero Academia: You're Next (2024),"Animation, Action, Adventure, Science Fiction",110,68,Daiki YamashitaIzuku Midoriya (voice)      Nobuhiko OkamotoKatsuki Bakugo (voice)      Yuki KajiShoto Todoroki (voice)      मामोरू मियानोGiulio Gandini (voice)      Meru NukumiAnna Scervino (voice)      Kenta MiyakeDark Might (voice)      Ayane SakuraOchako Uraraka (voice)      Kaito IshikawaTenya Iida (voice)      UokenHugo (voice)      Yuki OnoKamil (voice)      Minako KotobukiDeborah (voice)      Yusuke KobayashiPaulo (voice)      Michitake KikuchiSimon (voice)      Masaki TerasomaBruno (voice)      ,0,0,0,0,0,0,0,0,0,0,0,0,1,0,1,1,1
Female Teacher: In Front of the Students (1982),"Drama, Mystery, Horror",69,66,Rushia SantôReiko / Teacher      Rina OkaKumi / Girl Friend of Takuya      Kyôko SagamiSyôko / Teacher      Toshiyuki KitamiAkiyama / Teacher      Toru NakaneTakuya / High School Boy      Hiromichi HoriTakashi      Masaaki Kishi桑田      Toshio Yoshikawa若森      ,0,0,1,0,0,1,0,1,0,0,0,0,0,0,0,0,0
365 Days: This Day (2022),"Romance, Drama",111,59,Anna-Maria SiekluckaLaura Torricelli      Michele MorroneMassimo Torricelli / Adriano Torricelli      Simone SusinnaMarcelo 'Nacho' Matos      Magdalena LamparskaOlga      Otar SaralidzeDomenico      Natasza UrbańskaAnna      Ramón LangaDon Fernando Matos      Ewa KasprzykKlara      Dariusz JakubowskiTomasz      Tomasz MandesTommaso      Blanka LipińskaElena      Natalia SiwiecEmi      Karolina PisarekAmelia      Robert WabichPriest      Sławomir MandesItalian Man      Rafał IwaniukLaura's bodyguard      Natalia KarpińskaAdrianna ChlebickaMonika Grabarczyk (archive footage) (uncredited)      Tomasz KarolakSchool Principal (archive footage) (uncredited)      ,0,0,0,0,1,1,0,0,0,0,0,0,0,0,0,0,0
